{
  "model": "Groq (Llama 3.1 8B)",
  "num_few_shot": 10,
  "accuracy": 0.82,
  "precision": 0.8573517786561264,
  "recall": 0.82,
  "f1_score": 0.8208343434343434,
  "confusion_matrix": [
    [
      14,
      0,
      0,
      0,
      0
    ],
    [
      1,
      22,
      3,
      0,
      0
    ],
    [
      1,
      1,
      17,
      1,
      0
    ],
    [
      0,
      1,
      4,
      22,
      0
    ],
    [
      6,
      0,
      0,
      0,
      7
    ]
  ]
}