{
  "model": "Mistral AI (Open Mistral 7B)",
  "num_few_shot": 10,
  "accuracy": 0.35,
  "precision": 0.7225714285714285,
  "recall": 0.35,
  "f1_score": 0.4586405228758171,
  "confusion_matrix": [
    [
      5,
      0,
      1,
      1,
      1
    ],
    [
      0,
      13,
      2,
      0,
      0
    ],
    [
      1,
      0,
      8,
      1,
      0
    ],
    [
      0,
      1,
      3,
      5,
      0
    ],
    [
      4,
      0,
      0,
      0,
      4
    ]
  ]
}