Model,Precision,Recall,F1 Score
Groq,0.8474750835527324,0.7819905213270142,0.7893336528031065
Mistral AI,0.7622289243142324,0.20853080568720378,0.3223874427567625
